#Id	X	YdX	dY	k	m
c	385.6985336049581	893.0705024566751	1.2343368348323847	2.4946481580977395	0	0
a	653.2955758640027	938.8194748615116	-0.35077265904554106	-0.0	0	0
d	413.2731466713379	1000.0	385.6985336049581	893.0705024566751	0	0
b	890.9763398517503	1000.0	494.90778258566627	1000.0	0	0
c	494.90778258566627	1000.0	413.2731466713379	1000.0	0	0
