Id	X	YdX	dY	k	m
c	642.952174360574	144.53503163439734	0.0	0.0	0	0
a	22.910701437122523	772.9850491424736	0.0	0.0	0	0
d	1000.0	1000.0	0.0	0.0	0	0
b	1000.0	1000.0	0.0	0.0	0	0
c	1000.0	1000.0	0.0	0.0	0	0
