#Id	X	YdX	dY	k	m
c	384.5883176900036	890.7947641310279	1.1102159149544955	2.275738325647118	0	0
a	653.2330323974587	937.8041676909214	0.06254346654399699	1.0153071705901264	0	0
d	28.684828981334288	303.1106556807745	384.5883176900036	890.7947641310279	0	0
b	424.75338624741823	282.17910666268284	466.22295360433196	955.3805044317994	0	0
c	466.22295360433196	955.3805044317994	28.684828981334288	303.1106556807745	0	0
