#Id	X	YdX	dY	k	m
c	389.67484075666613	898.5851039490959	3.160904213625266	3.1616165519125228	0	0
a	652.9259514932986	938.8194748615116	-0.0	-0.0	0	0
d	1000.0	1000.0	389.67484075666613	898.5851039490959	0	0
b	1000.0	1000.0	1000.0	1000.0	0	0
c	1000.0	1000.0	1000.0	1000.0	0	0
