#Id	X	YdX	dY	k	m
c	630.34782579731	131.90943041489618	3.1510871408160455	3.1564003048752847	0	0
a	22.910701437122523	772.9850491424736	-0.0	-0.0	0	0
d	1000.0	1000.0	630.34782579731	131.90943041489618	0	0
b	1000.0	1000.0	1000.0	1000.0	0	0
c	1000.0	1000.0	1000.0	1000.0	0	0
