#Id	X	YdX	dY	k	m
c	386.93287043979046	895.5651506147728	2.741970316875691	3.0199533343230636	0	0
a	652.9448032049571	938.8194748615116	-0.018851711658457528	-0.0	0	0
d	798.971680276296	1000.0	386.93287043979046	895.5651506147728	0	0
b	1000.0	1000.0	908.1809292570042	1000.0	0	0
c	908.1809292570042	1000.0	798.971680276296	1000.0	0	0
