#Id	X	YdX	dY	k	m
c	418.12297867929345	927.0396529163086	3.160904213625266	3.1616165519125228	0	0
a	652.9259514932986	938.8194748615116	-0.0	-0.0	0	0
d	1000.0	1000.0	418.12297867929345	927.0396529163086	0	0
b	1000.0	1000.0	1000.0	1000.0	0	0
c	1000.0	1000.0	1000.0	1000.0	0	0
