Id	X	YdX	dY	k	m
c	427.6056913201692	936.5245025720461	0.0	0.0	0	0
a	652.9259514932986	938.8194748615116	0.0	0.0	0	0
d	1000.0	1000.0	0.0	0.0	0	0
b	1000.0	1000.0	0.0	0.0	0	0
c	1000.0	1000.0	0.0	0.0	0	0
