Id	X	YdX	dY	k	m
c	650.1574249930211	509.3247161831035	0.0	0.0	0	0
a	248.58013737247296	23.13263512053316	0.0	0.0	0	0
d	1000.0	1000.0	0.0	0.0	0	0
b	1000.0	1000.0	0.0	0.0	0	0
c	1000.0	1000.0	0.0	0.0	0	0
